ecommons_id,username,first_name,last_name,is_staff,email
sde4,,Sean,Erickson,TRUE,sean_erickson@hms.harvard.edu
,sde,Sean,Erickson,TRUE,sean.erickson@gmail.com
bc128,,Brendan,Colon,TRUE,bcolon@fas.harvard.edu
djw11,,David,Wrobel,TRUE,david_wrobel@hms.harvard.edu
sai3,,Sam,Inverso,TRUE,samuel.inverso@wyss.harvard.edu
rlc18,,Roger,Chang,TRUE,Roger_Chang@hms.harvard.edu
